prediction,regime,surprise,tick,vector
"[0.23961799266492712, 0.4500366857494631, 0.7849767694435633, 0.3802918430551355]",stable,0.0,0,"[0.23961799266492712, 0.4500366857494631, 0.7849767694435633, 0.3802918430551355]"
"[0.23961799266492712, 0.4500366857494631, 0.7849767694435633, 0.3802918430551355]",stable,0.14274424147082135,1,"[0.23335910270998828, 0.4105541519533553, 0.6622910181440346, 0.3192502119930357]"
"[0.2364885476874577, 0.4302954188514092, 0.7236338937937989, 0.3497710275240856]",stable,0.28372351826465314,2,"[0.16358384245457763, 0.4113078594715108, 0.45062334939953164, 0.33278120675633016]"
"[0.16358384245457763, 0.4113078594715108, 0.45062334939953164, 0.33278120675633016]",stable,0.23166087022499673,3,"[0.2373565197613326, 0.6114948119031478, 0.5341542498956388, 0.3670174976599767]"
"[0.20047018110795511, 0.5114013356873293, 0.4923887996475852, 0.34989935220815344]",stable,0.1672818316081965,4,"[0.31687897376468177, 0.5299276121730386, 0.5123425289987713, 0.46690717221583883]"
"[0.23927311199353066, 0.5175767611825658, 0.49904004276464725, 0.3889019588773819]",stable,0.3035035743750105,5,"[0.29415093949755405, 0.584099636102466, 0.6790360303414991, 0.6175479631623274]"
"[0.29415093949755405, 0.584099636102466, 0.6790360303414991, 0.6175479631623274]",stable,0.14926846878490446,6,"[0.4095399296650919, 0.5559166990627935, 0.7078222470690351, 0.5318535496463984]"
"[0.351845434581323, 0.5700081675826297, 0.6934291387052671, 0.5747007564043629]",stable,0.09068831454781072,7,"[0.3891057598714846, 0.6271462830105837, 0.7482548482201296, 0.550922280920688]"
"[0.36426554301137687, 0.5890542060586145, 0.7117043752102212, 0.5667745979098046]",stable,0.17245836279716978,8,"[0.47806191181338176, 0.4930798304022793, 0.7942240639868431, 0.538995225567283]"
"[0.3927146352118781, 0.5650606121445306, 0.7323342974043767, 0.5598297548241742]",stable,0.20549418728920033,9,"[0.5251160411111753, 0.5093572511808513, 0.8377220578570393, 0.6622420795202807]"
"[0.4191949163917375, 0.5539199399517948, 0.7534118494949092, 0.5803122197633954]",stable,0.13062727789629047,10,"[0.4599911623188808, 0.5220058076172006, 0.8732242930931581, 0.5752507412053856]"
"[0.425994290712928, 0.548600917896029, 0.7733805900946175, 0.5794686400037271]",stable,0.21319571264467344,11,"[0.449922229001672, 0.6531415328385377, 0.9326738962023042, 0.6720794823281826]"
"[0.42941256761131996, 0.5635352914592445, 0.7961367766814299, 0.5926987603357922]",stable,0.20963414543640793,12,"[0.5969019455220328, 0.6441816589516527, 0.8569497906996348, 0.5172552453312769]"
"[0.4503487398501591, 0.5736160873957955, 0.8037384034337055, 0.5832683209602277]",stable,0.08507415496685504,13,"[0.5212439758404249, 0.5803441561072776, 0.7768136173123701, 0.6212323347225119]"
"[0.45822598829352196, 0.5743636505859602, 0.8007467605313349, 0.5874865447115927]",stable,0.1649136835301432,14,"[0.319191666789902, 0.5639143232299734, 0.7323448869975759, 0.532007037554559]"
"[0.44432255614315996, 0.5733187178503615, 0.793906573177959, 0.5819385939958892]",stable,0.34557747766515573,15,"[0.2254376483677746, 0.6176377063045404, 0.5492198392116536, 0.4835647168695244]"
"[0.23581424608709164, 0.5425919974630594, 0.5115849918763988, 0.4125676483754175]",stable,0.15034164434058578,16,"[0.30870005708315, 0.6520287462279681, 0.47824705080232915, 0.47739394152245895]"
"[0.25039140828630335, 0.5644793472160412, 0.5049174036615849, 0.42553290700482577]",stable,0.23814320048369106,17,"[0.11430326188523454, 0.6890709323841493, 0.39088892940002784, 0.3272138126812091]"
"[0.2277100505527919, 0.5852446114107259, 0.4859126579513254, 0.409146391284223]",stable,0.2716499806667435,18,"[0.18307780749690494, 0.6358059071150912, 0.2861509716897808, 0.23785570573862092]"
"[0.18307780749690494, 0.6358059071150912, 0.2861509716897808, 0.23785570573862092]",stable,0.163227721227071,19,"[0.23155836859255177, 0.6961787770440905, 0.35961216184010975, 0.3613526461503858]"
"[0.20731808804472834, 0.6659923420795908, 0.3228815667649453, 0.2996041759445034]",stable,0.14230027487509708,20,"[0.18775099276852716, 0.5714233573790546, 0.3781406601634648, 0.3883151490056963]"
"[0.22200161372646837, 0.5832701465490586, 0.47051665826734534, 0.4061704995301477]",stable,0.19317961045262833,21,"[0.2183757446390378, 0.6986669158601866, 0.3165852213598336, 0.3890265988032687]"
"[0.21100397357616485, 0.6768838666731227, 0.32078278496324136, 0.32941165023075847]",stable,0.11234110637511575,22,"[0.13771860442687678, 0.6557978553433274, 0.38702503396967447, 0.37857589967084554]"
"[0.19268263128884283, 0.6716123638406739, 0.3373433472148496, 0.3417027125907802]",stable,0.07523923940193118,23,"[0.1841216575774512, 0.6872366013433011, 0.3421507436998525, 0.4146439561803397]"
"[0.19097043654656448, 0.6747372113411993, 0.3383048265118502, 0.3562909613086921]",stable,0.14074251252077585,24,"[0.2678450782640577, 0.673357382962718, 0.4077772224892966, 0.4515297483771267]"
"[0.22773204679366704, 0.594531051100766, 0.46267422879508924, 0.4118404056360201]",stable,0.37347482028913004,25,"[0.5317182466634353, 0.6839577354373317, 0.35564567018178145, 0.5780438576111859]"
"[0.5317182466634353, 0.6839577354373317, 0.35564567018178145, 0.5780438576111859]",stable,0.11186971947421422,26,"[0.5980523124162913, 0.6020183557691355, 0.38903987900989206, 0.5611503460676706]"
"[0.5648852795398633, 0.6429880456032336, 0.37234277459583676, 0.5695971018394282]",stable,0.1846648767718369,27,"[0.7421877713165298, 0.6453412333179683, 0.38086091375088005, 0.6204581570374614]"
"[0.6239861101320855, 0.6437724415081453, 0.3751821543141845, 0.5865507869054393]",anomaly,0.27581772460674314,28,"[0.8720281796757781, 0.6153084389500549, 0.4749373996434829, 0.6481075942575728]"
"[0.6239861101320855, 0.6437724415081453, 0.3751821543141845, 0.5865507869054393]",anomaly,0.2762525002530821,29,"[0.8612749958805185, 0.7576158448922848, 0.39201870111251114, 0.6688042901388584]"
"[0.6239861101320855, 0.6437724415081453, 0.3751821543141845, 0.5865507869054393]",stable,0.212324999497921,30,"[0.8014774551711069, 0.6075056902520714, 0.4016101466101712, 0.6940915318561998]"
"[0.6683589463918408, 0.6347057536941267, 0.3817891523881812, 0.6134359731431294]",anomaly,0.26125962734774305,31,"[0.9062391061198051, 0.6992199318627128, 0.37927888517693886, 0.7000456831267095]"
"[0.6683589463918408, 0.6347057536941267, 0.3817891523881812, 0.6134359731431294]",stable,0.11321285572512915,32,"[0.7803726130972947, 0.6291293618690309, 0.3681318808944993, 0.6061922198204884]"
"[0.6907616797329316, 0.6335904753291076, 0.3790576980894448, 0.6119872224786012]",stable,0.1541488300925015,33,"[0.8104325851196797, 0.648465285685182, 0.40587350223733776, 0.7041847760664026]"
"[0.7107068306307229, 0.6360696103884533, 0.3835269987807603, 0.6273534814099014]",stable,0.18774448295021234,34,"[0.7558557291194412, 0.608695049773797, 0.5607748637517983, 0.5950518461902851]"
"[0.7171566732719684, 0.6321589588720739, 0.40884812234805146, 0.6227389620928133]",stable,0.2381626320384945,35,"[0.6860012139439702, 0.5133019819005217, 0.6102610771831687, 0.6552446124221901]"
"[0.7132622408559687, 0.6173018367506299, 0.4340247417024411, 0.6268021683839854]",anomaly,0.2966832719026768,36,"[0.7775953270110745, 0.5922402897468652, 0.7147443649428102, 0.5600891273635022]"
"[0.7132622408559687, 0.6173018367506299, 0.4340247417024411, 0.6268021683839854]",anomaly,0.35635405966257033,37,"[0.6531920251588084, 0.4835537337688462, 0.75386695381036, 0.6833016314502712]"
"[0.7132622408559687, 0.6173018367506299, 0.4340247417024411, 0.6268021683839854]",stable,0.39292565895477755,38,"[0.6175708086436587, 0.43965077871214986, 0.7694467725078787, 0.592657094151123]"
"[0.46007239727956895, 0.5611670870196149, 0.7916829549352244, 0.5829130031009104]",anomaly,0.27146190278118243,39,"[0.6137718461679881, 0.38328555752444016, 0.8507705612463797, 0.46070473694083613]"
"[0.46007239727956895, 0.5611670870196149, 0.7916829549352244, 0.5829130031009104]",stable,0.3427151281675732,40,"[0.4249448072987, 0.5205614805808464, 0.4947079344383434, 0.42050384872940033]"
"[0.2496445757386707, 0.586312209931886, 0.4662335294221175, 0.41280301042417344]",stable,0.0877063521594803,41,"[0.30060481392782756, 0.571455384652688, 0.512337007447097, 0.3603701734853735]"
"[0.2547405995575864, 0.5848265274039662, 0.4708438772246154, 0.40755972673029345]",stable,0.1738242384822571,42,"[0.1938424795471358, 0.44388546642702265, 0.4425996874808559, 0.331112568905157]"
"[0.24920440682936362, 0.5720137036787896, 0.46827622361154636, 0.4006099851098265]",stable,0.16390496371231955,43,"[0.26817419030136025, 0.5083072365721094, 0.32487393280318344, 0.44399493047410626]"
"[0.25078522211869664, 0.5667048314198996, 0.4563260327108494, 0.4042253972235165]",stable,0.12112816640039588,44,"[0.275585990403339, 0.5158364858460962, 0.34980948047372046, 0.41534250593543276]"
"[0.2526929735252076, 0.5627918817603762, 0.44813245176953187, 0.40508055943212545]",stable,0.18234649907618306,45,"[0.3431020614520742, 0.44246262652095464, 0.40353619862944606, 0.31229862646581974]"
"[0.2591507655199838, 0.5541969349575604, 0.44494700511666857, 0.3984532785059608]",stable,0.18374667544709467,46,"[0.3244342227343213, 0.385803875615416, 0.4139819811316849, 0.38482038420555176]"
"[0.2635029960009396, 0.5429707310014175, 0.44288267018433636, 0.3975444188859335]",stable,0.20733889162803973,47,"[0.2620953800633242, 0.4048442326097682, 0.5830789899664115, 0.3323255798856874]"
"[0.2450241584794132, 0.4218116901041955, 0.6767822591846698, 0.3439558783112862]",stable,0.1525413903172678,48,"[0.36548783421063663, 0.4105269602380738, 0.6062756422503286, 0.40444431050761953]"
"[0.2751400774122191, 0.4189905076376651, 0.6591556049510845, 0.3590779863603696]",stable,0.07861229150237047,49,"[0.31392446142041897, 0.3658833279062031, 0.7020939773672227, 0.3624820380023649]"
"[0.2828969542138591, 0.4083690716913727, 0.6677432794343121, 0.35975879668876865]",stable,0.18606977835437724,50,"[0.24820046890779002, 0.25073897400361106, 0.7299112880070132, 0.42835914171198325]"
"[0.2771142066628476, 0.3820973887434125, 0.678104614196429, 0.3711921875259711]",stable,0.20692815037550177,51,"[0.23809778870056178, 0.3861922588929606, 0.8811935800209534, 0.3652691354409402]"
"[0.2715404326682353, 0.38268237019334794, 0.7071173235999325, 0.37034603722810955]",stable,0.2094672827602912,52,"[0.3535829427552279, 0.34638726480022136, 0.8956933364837139, 0.3866960150557175]"
"[0.2817957464291094, 0.3781454820192071, 0.7306893252104052, 0.37238978445656057]",stable,0.1646068639934263,53,"[0.32852768979296076, 0.3071064900517362, 0.8601506409491675, 0.31666928113307796]"
"[0.2869881845806484, 0.37025226068948813, 0.7450739158480455, 0.36619861742061804]",stable,0.23363999532524213,54,"[0.2411665494106689, 0.3082118104509837, 0.9051489832606652, 0.21449172735633196]"
"[0.2824060210636504, 0.36404821566563766, 0.7610814225893076, 0.3510279284141894]",stable,0.21399769512346095,55,"[0.37723848749522143, 0.2373124857456061, 0.8860550772023494, 0.42259228576444885]"
"[0.2910271543756114, 0.3525267856729075, 0.7724426639177658, 0.35753377908239475]",stable,0.10905391935005662,56,"[0.2647637045667498, 0.25031995384138805, 0.7753595150817456, 0.38488782880079575]"
"[0.28883853355820627, 0.3440095496869476, 0.7726857348480975, 0.35981328322559486]",anomaly,0.28951631368462827,57,"[0.534482377606251, 0.31464733230855385, 0.8263380373649036, 0.5003055904744441]"
"[0.28883853355820627, 0.3440095496869476, 0.7726857348480975, 0.35981328322559486]",anomaly,0.37547032922616635,58,"[0.5984516255101631, 0.3843640232503213, 0.6462062496133731, 0.5256208756311811]"
"[0.28883853355820627, 0.3440095496869476, 0.7726857348480975, 0.35981328322559486]",anomaly,0.33532881698863787,59,"[0.5952675570024101, 0.3467250213743911, 0.6660826828030267, 0.44451915434573386]"
"[0.28883853355820627, 0.3440095496869476, 0.7726857348480975, 0.35981328322559486]",anomaly,0.30978813037336483,60,"[0.5776215539131729, 0.2992847123103563, 0.6937687810952078, 0.42572880648749056]"
"[0.28883853355820627, 0.3440095496869476, 0.7726857348480975, 0.35981328322559486]",stable,0.3558501764466118,61,"[0.5435763978447804, 0.4641771580283854, 0.7267098901586956, 0.5723784172113793]"
"[0.46703106399333655, 0.5530845929370124, 0.7862685328705137, 0.5820351209434494]",stable,0.0930943254830305,62,"[0.5339764250487241, 0.5059183145545727, 0.7949460912437762, 0.5386195219664338]"
"[0.4721807071514433, 0.5494564176768247, 0.7869360373607647, 0.5786954594836791]",stable,0.09327600973628768,63,"[0.5481927076746357, 0.5783233522559675, 0.7712180645859753, 0.6216167268070084]"
"[0.47761013576024275, 0.551518341575335, 0.7858133250197082, 0.5817612642924883]",stable,0.1092219335493854,64,"[0.5098307500738349, 0.48407333437849004, 0.8599530879748879, 0.6108426902322253]"
"[0.47975817671448223, 0.547022007762212, 0.790755975883387, 0.583700026021804]",stable,0.16341938706294465,65,"[0.5425659741420206, 0.619842623616846, 0.9201499324182798, 0.6104477094565975]"
"[0.48368366405370333, 0.5515732962531266, 0.7988430981668178, 0.5853717562364786]",stable,0.19405047453947136,66,"[0.4110248064603227, 0.479895496207763, 0.9512308059804122, 0.5219954470176996]"
"[0.4794096136070338, 0.5473569550739876, 0.8078070809793821, 0.5816437380471386]",stable,0.14697545892475167,67,"[0.41193274156519827, 0.5947106499941313, 0.9003836946639345, 0.5026763052554983]"
"[0.47566089849359855, 0.5499877159028844, 0.8129502261840795, 0.577256658447603]",stable,0.210075512127002,68,"[0.3699686332150941, 0.4332524121574269, 0.9461270797717671, 0.5372859143507038]"
"[0.4700981476894668, 0.5438437525478603, 0.819959534267642, 0.575152935074082]",stable,0.10657407590983423,69,"[0.5656119480546707, 0.5374628122801621, 0.7747039137496862, 0.587250869140108]"
"[0.47487383770772695, 0.5435247055344754, 0.8176967532417441, 0.5757578317773834]",stable,0.14486503592552827,70,"[0.5019265560988841, 0.43945733919580093, 0.8722716040362851, 0.4954733501795114]"
"[0.4761620623930201, 0.5385691166612052, 0.8202955556605318, 0.5719347612251037]",stable,0.14107225486283279,71,"[0.45484135257051744, 0.4357779445848323, 0.8984505741257428, 0.5192795007413048]"
"[0.47519293921926997, 0.5338967906577337, 0.8238480564998596, 0.5695413402940219]",stable,0.19243949803712235,72,"[0.6140018710201187, 0.46154181323147075, 0.8137317951472522, 0.4580628250770633]"
"[0.4812281101671329, 0.5307509220739831, 0.8234082190497461, 0.5646944483280673]",stable,0.09343556232010666,73,"[0.4580183428720777, 0.4789502286970359, 0.8569842565534097, 0.4985064669462182]"
"[0.480261036529839, 0.5285925598499436, 0.8248072206123989, 0.5619366157704903]",stable,0.09903157126092646,74,"[0.4384209903462282, 0.6178076959926005, 0.8216648443614305, 0.5712879577226277]"
"[0.4785874346824946, 0.5321611652956499, 0.8246815255623601, 0.5623106694485758]",stable,0.10807418785361479,75,"[0.43166883309605764, 0.5614436689797252, 0.9172719192873425, 0.5553659683580706]"
"[0.47678287308301626, 0.5332874154373451, 0.8282426945517825, 0.5620435655604794]",stable,0.13628309803086175,76,"[0.48132540843141314, 0.5870731670732972, 0.7103200538072548, 0.6039218642638746]"
"[0.47695111513295685, 0.5352794803127507, 0.8238751893390222, 0.5635946136606051]",stable,0.24486520556410044,77,"[0.6019194071990139, 0.5532726974951596, 0.616772074411077, 0.5971570747832762]"
"[0.7008908148940848, 0.6101874879444664, 0.4543300008922895, 0.6235082690950178]",stable,0.09457089472797353,78,"[0.6735147138217231, 0.6250280568022558, 0.4548501717994702, 0.712803790583667]"
"[0.6981532047868486, 0.6116715448302454, 0.45438201798300754, 0.6324378212438827]",stable,0.11656212166662634,79,"[0.7187650976282621, 0.7231159523808395, 0.47328249477966583, 0.6520539901735073]"
"[0.7000270132269771, 0.6218028546075721, 0.45610024314634007, 0.634221109328394]",stable,0.09907801079209926,80,"[0.6073816598317793, 0.6431251250546423, 0.4778460695615594, 0.6517074049137771]"
"[0.6923065671107107, 0.6235797104781613, 0.45791239534760836, 0.635678300627176]",stable,0.19615668814842482,81,"[0.5947147657333651, 0.7533106525917015, 0.37270560705079264, 0.5659432843458412]"
"[0.6847995054662994, 0.6335590137176644, 0.4513580270170841, 0.630314068605535]",stable,0.30361196294365195,82,"[0.42248689774119164, 0.6860810340023091, 0.42138014602206236, 0.4899036562166424]"
"[0.2734394898597054, 0.5519151249389731, 0.4415387624241942, 0.4033168712191028]",stable,0.19789968963887644,83,"[0.3470081072945014, 0.6285339561260128, 0.5706895532507453, 0.5091543580765703]"
"[0.277767055591164, 0.556422115008799, 0.44913586776693254, 0.40954260574013035]",stable,0.29641557214062925,84,"[0.4870316328450728, 0.6257628674996231, 0.5983726041637824, 0.5398913098680305]"
"[0.4773111336226753, 0.538511029855139, 0.8158215255827636, 0.5627480670965846]",stable,0.19099703098023924,85,"[0.46615813279048374, 0.6631716546466926, 0.6763156666914056, 0.5995355701005618]"
"[0.4769265473870825, 0.5428096720893305, 0.8110109787244408, 0.5640166016829287]",stable,0.08134815009241708,86,"[0.5163000382766596, 0.5610082735955362, 0.7431419516804567, 0.5754120310275426]"
"[0.47823899708340173, 0.5434162921395373, 0.8087486778229747, 0.5643964493277491]",stable,0.1982544598008449,87,"[0.48782351221039194, 0.6734002163406271, 0.6722611638361293, 0.5036650252074357]"
"[0.478548174990724, 0.5476093219524757, 0.804345854791141, 0.5624373711303197]",stable,0.28346666720572217,88,"[0.4028059137231857, 0.6033401590569605, 0.5419931448286865, 0.5106532939850305]"
"[0.2847136588207208, 0.5590286730114746, 0.4542946053814744, 0.41515986619818035]",stable,0.05811695782325053,89,"[0.2896028212719697, 0.5990437557261441, 0.48324017193013213, 0.3849171115341262]"
"[0.2849709831602602, 0.5611347299964573, 0.4558180562524564, 0.4135681422684933]",stable,0.04561501194255913,90,"[0.2830977826631466, 0.5340232477406831, 0.4301743912875954, 0.3874034635683406]"
"[0.28487732313540454, 0.5597791558836686, 0.4545358730042134, 0.41225990833348564]",stable,0.060196236517811655,91,"[0.28738893133037235, 0.5825297958588047, 0.4691333322776746, 0.35853280829389045]"
"[0.28499692352564104, 0.5608625196920084, 0.4552309901124734, 0.40970147499826687]",stable,0.15805857604501772,92,"[0.16633488844754346, 0.5710136028438354, 0.38977940549512247, 0.3289866654870909]"
"[0.18686451186339434, 0.6574499432583053, 0.3468839230090623, 0.35174024533842524]",stable,0.19199162717470078,93,"[0.2963579603099593, 0.6202611671648975, 0.3233675772078454, 0.5031864274141075]"
"[0.28551333428856457, 0.5635624582135034, 0.4492371986168085, 0.4139507910171687]",stable,0.23313503673480082,94,"[0.4346156676007298, 0.631781473966525, 0.3382714118561504, 0.5370491241191326]"
"[0.2919960444325717, 0.5665285023766782, 0.44441259919243203, 0.41930289245638447]",stable,0.3752128288169013,95,"[0.5961565343210135, 0.6053377915246739, 0.45480606380020216, 0.6353049254766288]"
"[0.6784678646702076, 0.6315432121324508, 0.45160431535873535, 0.6306705583820416]",stable,0.11297377039987447,96,"[0.7512548578811552, 0.7039628033192838, 0.47012470732899725, 0.587340149760926]"
"[0.6833203308842708, 0.6363711848782396, 0.4528390081567528, 0.6277818644739672]",stable,0.07808135162188161,97,"[0.7555897830448803, 0.6364002477077253, 0.47359740375607445, 0.6488273372175121]"
"[0.6878371716443089, 0.6363730013050825, 0.45413640788171045, 0.6290972065204388]",stable,0.15787881569975243,98,"[0.8324822064020642, 0.6734552951463273, 0.4065397878893235, 0.6481497553120324]"
"[0.6963457031006475, 0.6385543127075086, 0.45133660670568765, 0.6302179446846501]",stable,0.20449444680073925,99,"[0.8320857300388466, 0.7780254985018392, 0.3891944625809617, 0.6213429170304701]"
"[0.7038868157083251, 0.6463027119183047, 0.44788426536542514, 0.6297248875927512]",stable,0.17362220599325517,100,"[0.8423177436107665, 0.6478267981949569, 0.4803251613028252, 0.7293582858376847]"
"[0.7111726540189799, 0.6463829269854969, 0.44959168094107776, 0.6349687506582741]",anomaly,0.2531660129665201,101,"[0.8317714343205651, 0.779680590540479, 0.35645182889569693, 0.786974228069062]"
"[0.7111726540189799, 0.6463829269854969, 0.44959168094107776, 0.6349687506582741]",anomaly,0.35156081586779037,102,"[1.0, 0.7510248328000364, 0.4861597253822661, 0.8019616281723609]"
"[0.7111726540189799, 0.6463829269854969, 0.44959168094107776, 0.6349687506582741]",stable,0.16001792777909918,103,"[0.7954463162537261, 0.774007825678073, 0.40361237055445465, 0.6450422462949026]"
"[0.7153863371307172, 0.6527641719201257, 0.44729271542174664, 0.6354724254401055]",anomaly,0.35612449800102436,104,"[1.0, 0.721206535481359, 0.48154919292987514, 0.8353770467060955]"
"[0.7153863371307172, 0.6527641719201257, 0.44729271542174664, 0.6354724254401055]",stable,0.2442015588859224,105,"[0.925046776793068, 0.6430422191788817, 0.39983362036609604, 0.7509281283494903]"
"[0.7253701675908291, 0.6523012217895903, 0.4450327585143347, 0.6409703160548381]",anomaly,0.27848740216743545,106,"[0.8847608709849232, 0.7019568158151054, 0.4591638456508157, 0.8634213695381094]"
"[0.7253701675908291, 0.6523012217895903, 0.4450327585143347, 0.6409703160548381]",anomaly,0.31297798978291314,107,"[0.9824132554689531, 0.7290611714506263, 0.46151841679640515, 0.8013455206897014]"
"[0.7253701675908291, 0.6523012217895903, 0.4450327585143347, 0.6409703160548381]",anomaly,0.2735392731446718,108,"[0.9103685493467094, 0.6786691031092449, 0.3077265298899208, 0.7860601748178603]"
"[0.7253701675908291, 0.6523012217895903, 0.4450327585143347, 0.6409703160548381]",anomaly,0.28949546896852246,109,"[0.9560383416061491, 0.7768035390214237, 0.37210754055055223, 0.7398687773097106]"
"[0.7253701675908291, 0.6523012217895903, 0.4450327585143347, 0.6409703160548381]",anomaly,0.2825597317644241,110,"[0.9688183721437794, 0.7566726002196059, 0.3783823989418096, 0.7133396372358449]"
"[0.7253701675908291, 0.6523012217895903, 0.4450327585143347, 0.6409703160548381]",stable,0.1732910614863474,111,"[0.8155017816163551, 0.547609273991394, 0.5402109589010181, 0.5975331156202944]"
"[0.7294670591374438, 0.6475424968896722, 0.449359040350093, 0.6389958978532679]",stable,0.17514491277181016,112,"[0.5931234562351742, 0.5810656746300445, 0.5290253754736762, 0.6753314117165945]"
"[0.7235390764025624, 0.6446522002696884, 0.45282279405111836, 0.6405757028038473]",stable,0.1619061213503152,113,"[0.6744409896562316, 0.5311659736075325, 0.5349875840732452, 0.5759785384143918]"
"[0.721493322788132, 0.6399236074920985, 0.456246326968707, 0.63788415428762]",stable,0.437134883416961,114,"[0.5569784358370888, 0.4446170084819262, 0.7810784914514892, 0.49519163320835663]"
"[0.4809991206421729, 0.5443908121565211, 0.8036187496867768, 0.5603359418202584]",stable,0.122515955449416,115,"[0.5088373819911657, 0.5024000740153295, 0.6963582005625036, 0.5914348655422413]"
"[0.48184270431941506, 0.543118365546182, 0.8003684300163443, 0.5612783334481972]",stable,0.14011281775990186,116,"[0.5745538732117401, 0.4814937772356278, 0.842404667538927, 0.6352486363659086]"
"[0.48456950340448346, 0.5413058776546951, 0.8016047899434791, 0.5634539305928358]",stable,0.06836718097383801,117,"[0.511064055967875, 0.6015465321535653, 0.7952451476170802, 0.5460548325184177]"
"[0.4853264906205803, 0.5430270392118057, 0.8014230858770105, 0.5629568135049953]",stable,0.09759994704033811,118,"[0.4287527065499372, 0.4887659016174766, 0.8309472738875958, 0.6130488077504826]"
"[0.483754996618618, 0.541519785389741, 0.8022432022106378, 0.5643482577895922]",stable,0.09549301688211183,119,"[0.48259932615054374, 0.5907894836985483, 0.8274001765360002, 0.6421763001031997]"
"[0.48372376228164304, 0.5428513988575465, 0.8029231204356476, 0.5664517183926626]",stable,0.2463195681436306,120,"[0.6374962975282301, 0.48385905845995325, 0.6405241292080398, 0.6511500564930743]"
"[0.48777040794602694, 0.5412989688470835, 0.7986494627717632, 0.568680622026884]",stable,0.2657601525943224,121,"[0.7139914883754448, 0.6072040392873342, 0.675730798642344, 0.5687525609525693]"
"[0.7211932494116247, 0.638614824763908, 0.46502570583565245, 0.635118890554218]",stable,0.07470680975013781,122,"[0.6542441610072276, 0.6248352626440932, 0.4933750582347905, 0.6453836297715173]"
"[0.7186182844729939, 0.6380848416054535, 0.4661160655433116, 0.6355136882164218]",stable,0.24383289396378102,123,"[0.8716227219527519, 0.5386398792596054, 0.5751476202102757, 0.754957992564486]"
"[0.7242851154907627, 0.6344016948519036, 0.47015427127171766, 0.6399375513404242]",stable,0.14195375098332055,124,"[0.8522063394029444, 0.6092338201760951, 0.4199311915615125, 0.6650622053633001]"
"[0.7288537306304834, 0.6335028421849104, 0.468360589853496, 0.6408348604126697]",stable,0.10221110164554317,125,"[0.805908779184803, 0.6594919888286187, 0.4683490001287902, 0.7027557205027647]"
"[0.7315108012702877, 0.6343990196553831, 0.46836019020781644, 0.6429700624847419]",stable,0.24350850987169395,126,"[0.9276427312705445, 0.7299472925898893, 0.45814611814158945, 0.7506494973150113]"
"[0.7380485322702962, 0.6375839620865332, 0.46801972113894225, 0.6465593769790842]",anomaly,0.2587894873973627,127,"[0.9171680654157395, 0.7124542990393132, 0.4300868504484543, 0.8134237578364262]"
"[0.7380485322702962, 0.6375839620865332, 0.46801972113894225, 0.6465593769790842]",anomaly,0.35699511480538487,128,"[0.9788760737960306, 0.7942563087014457, 0.48084047895886023, 0.8580706325015276]"
"[0.7380485322702962, 0.6375839620865332, 0.46801972113894225, 0.6465593769790842]",stable,0.2396197305204693,129,"[0.9387908548172983, 0.6929621792899574, 0.5317782785130055, 0.7465005327362915]"
"[0.744524091062135, 0.6393703561898695, 0.4700764487961701, 0.6497832852293166]",stable,0.16468513257649284,130,"[0.8405232298041382, 0.7689410578238836, 0.4385014952726895, 0.6607292361057818]"
"[0.7475240641478226, 0.6434194406159325, 0.4690897314985613, 0.6501253461942061]",stable,0.16216477365148266,131,"[0.8569771383855742, 0.6987208752326043, 0.37314699461869566, 0.6954484189351476]"
"[0.750840823973209, 0.6450952416649225, 0.46618237583553507, 0.6514987726409013]",anomaly,0.2561843976099193,132,"[0.8833766952663654, 0.7396104466760091, 0.311898667367143, 0.7753054837767422]"
"[0.750840823973209, 0.6450952416649225, 0.46618237583553507, 0.6514987726409013]",anomaly,0.26478899471468703,133,"[0.9324638661700634, 0.7121918420061835, 0.46820054984145343, 0.8321095570960415]"
"[0.750840823973209, 0.6450952416649225, 0.46618237583553507, 0.6514987726409013]",stable,0.1841165260859506,134,"[0.8553457590542, 0.7709046265801129, 0.45963972985615653, 0.7358006479019319]"
"[0.7539144985344146, 0.6487955176918399, 0.4659899450714357, 0.6539782395603434]",stable,0.06527551805500718,135,"[0.7622168249923817, 0.6625469907208749, 0.4802855614503128, 0.7156101872385939]"
"[0.7541517078617851, 0.6491884169212407, 0.4663983912536893, 0.6557391523511505]",stable,0.20609209597596545,136,"[0.8126420183641117, 0.7267029902618123, 0.6469455125481868, 0.6345952758568283]"
"[0.755776438709072, 0.6513415995140345, 0.47141358906742536, 0.6551518224485304]",stable,0.17640159650618742,137,"[0.6181937843280652, 0.7188388597674665, 0.49911520660612646, 0.5722948570960136]"
"[0.7520579885906663, 0.6531658497911542, 0.4721622814333362, 0.6529124450065705]",anomaly,0.3157237216155949,138,"[0.48431812489522913, 0.7496021780267801, 0.4437447808301027, 0.519161504691946]"
"[0.7520579885906663, 0.6531658497911542, 0.4721622814333362, 0.6529124450065705]",stable,0.39822086793515377,139,"[0.38893372969829443, 0.6475076848782046, 0.5072453272941342, 0.4933574471975396]"
"[0.2960351146519768, 0.5699026349809084, 0.447030629530003, 0.4223884989039326]",stable,0.08520005898119956,140,"[0.2838044305607361, 0.6509059942518844, 0.44316907937831906, 0.4454753920319256]"
"[0.29554588728832715, 0.5731427693517475, 0.4468761675239356, 0.4233119746290523]",stable,0.07955552005063724,141,"[0.29677259605103457, 0.6514669941520204, 0.44858976680039553, 0.4370944034097452]"
"[0.2955930683945851, 0.5761552395363734, 0.44694207518841483, 0.42384206804369434]",stable,0.17376352282283533,142,"[0.18484151597770176, 0.657327300084686, 0.3750950021883902, 0.3452484920420734]"
"[0.18657551245115253, 0.6574324228049312, 0.3509140771775377, 0.350812852010375]",stable,0.04541489794588985,143,"[0.16881360083548877, 0.6189114974542202, 0.3581447341969699, 0.3653346756005867]"
"[0.18435527349919456, 0.6526173071360923, 0.3518179093049667, 0.35262807995915146]",stable,0.06980744206838999,144,"[0.13168238576413038, 0.6358462422434702, 0.3136584768323191, 0.33362189776719464]"
"[0.17850273041752077, 0.6507538554813566, 0.3475779723635614, 0.3505162819378229]",stable,0.05228394833854617,145,"[0.1452917712877981, 0.6867700757253214, 0.3535670852161466, 0.36776753853347033]"
"[0.17518163450454852, 0.6543554775057531, 0.34817688364881993, 0.3522414075973877]",stable,0.12041272895173745,146,"[0.11243323011202494, 0.61435497250255, 0.4338265585676773, 0.3925645501532414]"
"[0.1694772341052282, 0.6507190679600073, 0.3559632177323524, 0.35590714782973804]",stable,0.06121645617276197,147,"[0.15287287519725404, 0.6398849669430084, 0.3019531382851015, 0.33499582685611284]"
"[0.16809353752956369, 0.6498162262085908, 0.3514623777784149, 0.3541645377486026]",stable,0.16394642830136189,148,"[0.06829261690333581, 0.5992406643872306, 0.2689358840874828, 0.26727553970819895]"
"[0.16041654363523847, 0.6459257983761784, 0.3451141859560355, 0.3474807686685715]",stable,0.09959051357823002,149,"[0.07654833624608946, 0.599106782867013, 0.3315685803945539, 0.32492216629981635]"
"[0.1544259573931564, 0.6425815829826665, 0.3441466427016439, 0.34586943992794617]",stable,0.07416737464330206,150,"[0.2087203629299129, 0.5991819544072249, 0.31876026531580187, 0.34087733900474093]"
"[0.15804558442894018, 0.6396882744109704, 0.34245421754258776, 0.3455366331997325]",stable,0.10400845102091448,151,"[0.1265111566426973, 0.5480835247209476, 0.3548756454942709, 0.3097928825594653]"
"[0.1560746826923, 0.633962977555344, 0.343230556789568, 0.3433026487847158]",stable,0.1563118177225819,152,"[0.2151676833929729, 0.5926411178686768, 0.4435028718007898, 0.24749362842518163]"
"[0.15955074155704546, 0.6315322799267166, 0.3491289282608163, 0.33766682405768433]",stable,0.07321984697602106,153,"[0.11463417199319406, 0.6374165348000975, 0.2957247788677869, 0.31628879463493986]"
"[0.15705537658127594, 0.6318591829752377, 0.3461620310723147, 0.3364791557564208]",stable,0.13999705597912626,154,"[0.19909600382712633, 0.5053300484243523, 0.38672779502354504, 0.349766678040694]"
"[0.15926804117316282, 0.6251997548409806, 0.3482970712802742, 0.3371784990345404]",stable,0.06277761500404945,155,"[0.17894383009445744, 0.5983108041734607, 0.3847243201985041, 0.29839793503438283]"
"[0.16025183061922754, 0.6238553073076045, 0.3501184337261857, 0.3352394708345325]",stable,0.07130368050134857,156,"[0.10367489911852594, 0.6323302027568849, 0.39067036967643237, 0.3481616344619662]"
"[0.15755769102395606, 0.6242588737575703, 0.3520494782952451, 0.3358548119596484]",stable,0.10401916366246093,157,"[0.17663903450036605, 0.6397045078185657, 0.25096872259662717, 0.33581058500815036]"
"[0.15842502481833834, 0.62496094803307, 0.34745489849076244, 0.33585280164367126]",stable,0.14873494665540488,158,"[0.2280632212239253, 0.7362084390470099, 0.29138636843344423, 0.3777207086641803]"
"[0.16145277248814646, 0.6297977954684587, 0.3450171363143573, 0.33767314542717164]",stable,0.11443832399272258,159,"[0.12543152286705558, 0.6308312342411606, 0.45284103056291625, 0.324575840079236]"
"[0.15995188708726768, 0.6298408554173213, 0.349509798574714, 0.3371274243710077]",stable,0.08887019585398274,160,"[0.1903557948641748, 0.6984462285420171, 0.3253336828189809, 0.3781436688164129]"
"[0.16116804339834395, 0.6325850703423092, 0.34854275394448464, 0.33876807414882393]",stable,0.12632088689084522,161,"[0.20627066628508395, 0.6729618232919763, 0.30375597447629105, 0.23734528538941754]"
"[0.16290275966321857, 0.6341380223788349, 0.34682018550340027, 0.33486719765807754]",stable,0.0824091299459749,162,"[0.21730031844506592, 0.68073021654594, 0.30699417352828423, 0.34354051939088126]"
"[0.16491748406254625, 0.6358636591998388, 0.34534514802284044, 0.33518843179632957]",stable,0.11016407931901752,163,"[0.07978589137370892, 0.6593118327915984, 0.2856899230736439, 0.36312001946943084]"
"[0.1618770700379449, 0.636701093970973, 0.34321460427465483, 0.3361859884989403]",stable,0.07320945713403142,164,"[0.17602790318129669, 0.623029782539289, 0.34847669069782305, 0.4065051482309907]"
"[0.16236502980150877, 0.636229669438846, 0.34339605553062613, 0.33861078711039033]",stable,0.10988885104094577,165,"[0.1276501387352176, 0.7063970362632149, 0.31610815620195537, 0.266483489195402]"
"[0.16120786676596574, 0.6385685816663249, 0.3424864588863371, 0.3362065438465574]",stable,0.058070643242385964,166,"[0.1703279714194383, 0.6319512519517625, 0.3085489712656029, 0.290451968347101]"
"[0.1615020636902713, 0.638355119417468, 0.34139170122115214, 0.3347305897981878]",stable,0.11690406104034132,167,"[0.21130304455352616, 0.5702708561284302, 0.27109922897106714, 0.37485443844386956]"
"[0.16305834434224803, 0.6362274861896856, 0.339195061463337, 0.33598446006836535]",stable,0.06256862714795461,168,"[0.1267768553316882, 0.5899759021814515, 0.36060740390999857, 0.33509607612403575]"
"[0.16195890528132198, 0.634825923037921, 0.33984392032535704, 0.3359575393427796]",stable,0.11864450594667239,169,"[0.20228420751278384, 0.6239724793174223, 0.44698013832383166, 0.306727035692303]"
"[0.16314494358224732, 0.6345067041049652, 0.3429949855606063, 0.33509781864717736]",stable,0.10639966644649386,170,"[0.21301290292554306, 0.5530093791975035, 0.33584727847006934, 0.288825019216669]"
"[0.16456974242062722, 0.6321782091076091, 0.34279076535801956, 0.33377573866344856]",stable,0.2339833546353753,171,"[0.030652388939950398, 0.5322185819968066, 0.36797252623151294, 0.1719477294983638]"
"[0.16084981593505285, 0.6294015527989758, 0.3434902587156166, 0.3292805161866406]",stable,0.0770491783864005,172,"[0.13202449907418634, 0.5794279340629431, 0.39437471160034454, 0.3336493699193216]"
"[0.1600707533171916, 0.6280509144547587, 0.34486551419898764, 0.3293985933145509]",stable,0.1106920613733623,173,"[0.22530449797711694, 0.5626549553404387, 0.30076702916491793, 0.28725617812574156]"
"[0.16178743080824223, 0.6263299681622766, 0.3437050277507227, 0.3282895823885296]",stable,0.06024430218457524,174,"[0.163545677117614, 0.6423094674333195, 0.3834400840130647, 0.2859567886879332]"
"[0.16183251404694404, 0.6267396989128161, 0.34472387534719307, 0.3272041261397964]",stable,0.13113482224196207,175,"[0.2810312852373038, 0.638890678926399, 0.3443301766497808, 0.27391066277716236]"
"[0.16481248332670304, 0.6270434734131556, 0.34471403287975777, 0.3258717895557305]",stable,0.07994000072675428,176,"[0.20785908340288348, 0.6782573263823044, 0.34672151360920267, 0.2821624630538251]"
"[0.16586240040173184, 0.6282925917782567, 0.34476299582437836, 0.32480570842153766]",stable,0.18218793248484724,177,"[0.11198937974766575, 0.7450554454896782, 0.3133557816819347, 0.4499862311943944]"
"[0.1645797094337779, 0.6310726597237667, 0.34401520501146304, 0.32778619705898665]",stable,0.0793023229229603,178,"[0.2007787214821134, 0.6497751274156608, 0.41165076788529104, 0.3204283247662614]"
"[0.16542154692327407, 0.6315076008328806, 0.3455881250782962, 0.3276150837498535]",stable,0.1778095012145765,179,"[0.1626325092553969, 0.48801917591954963, 0.26354831966413345, 0.26212476206365826]"
"[0.16535815970354958, 0.6282465002666685, 0.34372358404615616, 0.3261266673478945]",stable,0.10362983969190552,180,"[0.20080618023342167, 0.5601293635593554, 0.4108163296344076, 0.307655048812661]"
"[0.16614589349310233, 0.6267327861176171, 0.3452145339481173, 0.32571618693600046]",stable,0.039294358940989794,181,"[0.19477469398308583, 0.6523817249185934, 0.3519134755595373, 0.3210584464152519]"
"[0.16676825872114545, 0.6272903717437253, 0.345360163113583, 0.32561493170728856]",stable,0.17320339241358715,182,"[0.15863119801992864, 0.6868482432243486, 0.2652729392669122, 0.1842922516168283]"
"[0.16659512977005572, 0.6285575604986321, 0.34365617962748357, 0.32260806617344895]",stable,0.0706077444826673,183,"[0.20897492598961032, 0.6566210576306438, 0.3156576536437188, 0.2823845764593941]"
"[0.16747804219129644, 0.6291422166888824, 0.3430728770028218, 0.3217700768044061]",stable,0.08275799901754771,184,"[0.16970348600822965, 0.5505965782674421, 0.3415192666979191, 0.347695021957578]"
"[0.16752345941205016, 0.6275392444761999, 0.3430411706700687, 0.3222991573177362]",stable,0.14800599751675858,185,"[0.1871944617892383, 0.6592230173491012, 0.2359960322135182, 0.4174637717275248]"
"[0.1679168794595939, 0.628172919933658, 0.34090026790093764, 0.3242024496059319]",stable,0.11686661251644768,186,"[0.19442617515002356, 0.6971861025833885, 0.250400589587372, 0.32563465376838874]"
"[0.16843666957117098, 0.6295261195934566, 0.33912576440459324, 0.32423053204048996]",stable,0.1287201296264615,187,"[0.10415240491629761, 0.6606991471486306, 0.27992858560240164, 0.23500978633781738]"
"[0.1672004337124234, 0.6301256008925946, 0.3379873571199357, 0.3225147484692847]",stable,0.20154887125979465,188,"[0.040649024012835266, 0.5688436757465506, 0.1950609046450929, 0.30194187695130204]"
"[0.16481267126526136, 0.62896933815399, 0.33529063160154243, 0.32212658108215286]",stable,0.13939782424857078,189,"[0.20087772972378515, 0.6695421663614513, 0.2543239944657304, 0.4217725255344198]"
"[0.16548054271819698, 0.6297206868244986, 0.3337912494323607, 0.3239718763497874]",stable,0.19799039770247595,190,"[0.09426675648004482, 0.6120877566553709, 0.20643980347697743, 0.19130883244254426]"
"[0.16418574660477603, 0.6294000880941508, 0.33147576859680833, 0.3215598210060194]",stable,0.16403610710500346,191,"[0.1975718165243902, 0.5876230242664204, 0.19724311632738958, 0.2439100510634249]"
"[0.16478192642476913, 0.628654069097227, 0.3290787569491401, 0.3201732179713302]",stable,0.13437661682161475,192,"[0.14038422279621598, 0.5894816860459412, 0.42901724466514346, 0.3972423446382255]"
"[0.1643538965365489, 0.6279668343068536, 0.33083206375117524, 0.32152530791285466]",stable,0.23397157910685196,193,"[0.3469257649607561, 0.6614426638276124, 0.43558479617200635, 0.4180470493917293]"
"[0.2974942793785174, 0.5793140330286415, 0.44652143522484417, 0.4236274377232512]",stable,0.22262818391276887,194,"[0.4936113517061918, 0.614376271187904, 0.3960808327935173, 0.5092299335720717]"
"[0.3044984605330772, 0.5805662558200436, 0.4447199851380111, 0.42668466971785196]",anomaly,0.30207223457980326,195,"[0.5737394916173536, 0.4943461988465906, 0.46479372181734824, 0.5311837077800972]"
"[0.3044984605330772, 0.5805662558200436, 0.4447199851380111, 0.42668466971785196]",stable,0.4818410218276652,196,"[0.749119329076303, 0.68788300236021, 0.40460150293105407, 0.5728239076700181]"
"[0.7519806554455515, 0.6540794590692872, 0.47038436620959195, 0.6508048519187666]",stable,0.17813170450169183,197,"[0.8531838788259013, 0.6496646102649907, 0.3261337754092177, 0.6765164813864463]"
"[0.7545756098912015, 0.6539662578178951, 0.46668563311214645, 0.6514641244692199]",stable,0.13087547156992627,198,"[0.7041477290401642, 0.5714079662060148, 0.3790609359138275, 0.6610275348731921]"
"[0.7533149128699257, 0.651902300527598, 0.4644950156821885, 0.6517032097293192]",stable,0.1512344518205949,199,"[0.8890703938709783, 0.6568883330144821, 0.4126794777531545, 0.6933277013756235]"
